backend,architecture,TILE_J,ILP,number of bits in bitsets,number of queries,number of reference sequences,iteration count,timing type,timing (ns),iterations per second
AMD,gfx1010,2048,4,16384,1000,2048,1,kernel,10613099,94.223
AMD,gfx1010,2048,4,16384,1000,2048,1,total,15740902,63.529
AMD,gfx1010,2048,4,16384,1000,2048,1,PCIe,4567665,218.930
AMD,gfx1010,2048,4,16384,1000,2048,2,kernel,9894924,101.062
AMD,gfx1010,2048,4,16384,1000,2048,2,total,11968469,83.553
AMD,gfx1010,2048,4,16384,1000,2048,2,PCIe,1497548,667.758
AMD,gfx1010,2048,4,16384,1000,2048,3,kernel,9220879,108.450
AMD,gfx1010,2048,4,16384,1000,2048,3,total,11331516,88.249
AMD,gfx1010,2048,4,16384,1000,2048,3,PCIe,1518839,658.398
AMD,gfx1010,2048,4,16384,1000,2048,4,kernel,9829279,101.737
AMD,gfx1010,2048,4,16384,1000,2048,4,total,11923353,83.869
AMD,gfx1010,2048,4,16384,1000,2048,4,PCIe,1497971,667.570
AMD,gfx1010,2048,4,16384,1000,2048,5,kernel,10459664,95.605
AMD,gfx1010,2048,4,16384,1000,2048,5,total,12573818,79.530
AMD,gfx1010,2048,4,16384,1000,2048,5,PCIe,1503461,665.132
AMD,gfx1010,2048,4,16384,1000,2048,6,kernel,9832200,101.707
AMD,gfx1010,2048,4,16384,1000,2048,6,total,11883017,84.154
AMD,gfx1010,2048,4,16384,1000,2048,6,PCIe,1477257,676.930
AMD,gfx1010,2048,4,16384,1000,2048,7,kernel,10445094,95.739
AMD,gfx1010,2048,4,16384,1000,2048,7,total,12531118,79.801
AMD,gfx1010,2048,4,16384,1000,2048,7,PCIe,1480133,675.615
AMD,gfx1010,2048,4,16384,1000,2048,8,kernel,9465618,105.646
AMD,gfx1010,2048,4,16384,1000,2048,8,total,11525775,86.762
AMD,gfx1010,2048,4,16384,1000,2048,8,PCIe,1478223,676.488
AMD,gfx1010,2048,4,16384,1000,2048,9,kernel,6492107,154.033
AMD,gfx1010,2048,4,16384,1000,2048,9,total,8556063,116.876
AMD,gfx1010,2048,4,16384,1000,2048,9,PCIe,1491454,670.487
AMD,gfx1010,2048,4,16384,1000,2048,10,kernel,10153152,98.492
AMD,gfx1010,2048,4,16384,1000,2048,10,total,12254881,81.600
AMD,gfx1010,2048,4,16384,1000,2048,10,PCIe,1498853,667.177
AMD,gfx1010,1024,32,262144,5000,8192,1,kernel,4571678711,0.219
AMD,gfx1010,1024,32,262144,5000,8192,1,total,4691988837,0.213
AMD,gfx1010,1024,32,262144,5000,8192,1,PCIe,105521823,9.477
AMD,gfx1010,1024,32,262144,5000,8192,2,kernel,4572772461,0.219
AMD,gfx1010,1024,32,262144,5000,8192,2,total,4635108405,0.216
AMD,gfx1010,1024,32,262144,5000,8192,2,PCIe,47838178,20.904
AMD,gfx1010,1024,32,262144,5000,8192,3,kernel,4567564453,0.219
AMD,gfx1010,1024,32,262144,5000,8192,3,total,4630004370,0.216
AMD,gfx1010,1024,32,262144,5000,8192,3,PCIe,47846624,20.900
AMD,gfx1010,1024,32,262144,5000,8192,4,kernel,4568466309,0.219
AMD,gfx1010,1024,32,262144,5000,8192,4,total,4630836130,0.216
AMD,gfx1010,1024,32,262144,5000,8192,4,PCIe,47845433,20.901
AMD,gfx1010,1024,32,262144,5000,8192,5,kernel,4569580566,0.219
AMD,gfx1010,1024,32,262144,5000,8192,5,total,4631824817,0.216
AMD,gfx1010,1024,32,262144,5000,8192,5,PCIe,47849885,20.899
AMD,gfx1010,1024,32,262144,5000,8192,6,kernel,4568158691,0.219
AMD,gfx1010,1024,32,262144,5000,8192,6,total,4630444521,0.216
AMD,gfx1010,1024,32,262144,5000,8192,6,PCIe,47851360,20.898
AMD,gfx1010,1024,32,262144,5000,8192,7,kernel,4570126953,0.219
AMD,gfx1010,1024,32,262144,5000,8192,7,total,4632282817,0.216
AMD,gfx1010,1024,32,262144,5000,8192,7,PCIe,47813508,20.915
AMD,gfx1010,1024,32,262144,5000,8192,8,kernel,4570033203,0.219
AMD,gfx1010,1024,32,262144,5000,8192,8,total,4632363173,0.216
AMD,gfx1010,1024,32,262144,5000,8192,8,PCIe,47859072,20.895
AMD,gfx1010,1024,32,262144,5000,8192,9,kernel,4570395020,0.219
AMD,gfx1010,1024,32,262144,5000,8192,9,total,4632783423,0.216
AMD,gfx1010,1024,32,262144,5000,8192,9,PCIe,47866075,20.892
AMD,gfx1010,1024,32,262144,5000,8192,10,kernel,4568725586,0.219
AMD,gfx1010,1024,32,262144,5000,8192,10,total,4630849867,0.216
AMD,gfx1010,1024,32,262144,5000,8192,10,PCIe,47821048,20.911
AMD,gfx1010,512,16,262144,5000,4096,1,kernel,1067706543,0.937
AMD,gfx1010,512,16,262144,5000,4096,1,total,1139885278,0.877
AMD,gfx1010,512,16,262144,5000,4096,1,PCIe,64805250,15.431
AMD,gfx1010,512,16,262144,5000,4096,2,kernel,1067719238,0.937
AMD,gfx1010,512,16,262144,5000,4096,2,total,1110262094,0.901
AMD,gfx1010,512,16,262144,5000,4096,2,PCIe,35330771,28.304
AMD,gfx1010,512,16,262144,5000,4096,3,kernel,1068078491,0.936
AMD,gfx1010,512,16,262144,5000,4096,3,total,1110771062,0.900
AMD,gfx1010,512,16,262144,5000,4096,3,PCIe,35313050,28.318
AMD,gfx1010,512,16,262144,5000,4096,4,kernel,1067738525,0.937
AMD,gfx1010,512,16,262144,5000,4096,4,total,1110237058,0.901
AMD,gfx1010,512,16,262144,5000,4096,4,PCIe,35321407,28.311
AMD,gfx1010,512,16,262144,5000,4096,5,kernel,1066909302,0.937
AMD,gfx1010,512,16,262144,5000,4096,5,total,1109388865,0.901
AMD,gfx1010,512,16,262144,5000,4096,5,PCIe,35293684,28.334
AMD,gfx1010,512,16,262144,5000,4096,6,kernel,1436135620,0.696
AMD,gfx1010,512,16,262144,5000,4096,6,total,1478709020,0.676
AMD,gfx1010,512,16,262144,5000,4096,6,PCIe,35303254,28.326
AMD,gfx1010,512,16,262144,5000,4096,7,kernel,1067143433,0.937
AMD,gfx1010,512,16,262144,5000,4096,7,total,1109822094,0.901
AMD,gfx1010,512,16,262144,5000,4096,7,PCIe,35335161,28.300
AMD,gfx1010,512,16,262144,5000,4096,8,kernel,1323577637,0.756
AMD,gfx1010,512,16,262144,5000,4096,8,total,1366007309,0.732
AMD,gfx1010,512,16,262144,5000,4096,8,PCIe,35295847,28.332
AMD,gfx1010,512,16,262144,5000,4096,9,kernel,1180019409,0.847
AMD,gfx1010,512,16,262144,5000,4096,9,total,1222534404,0.818
AMD,gfx1010,512,16,262144,5000,4096,9,PCIe,35287606,28.339
AMD,gfx1010,512,16,262144,5000,4096,10,kernel,1067062012,0.937
AMD,gfx1010,512,16,262144,5000,4096,10,total,1109618679,0.901
AMD,gfx1010,512,16,262144,5000,4096,10,PCIe,35306050,28.324
AMD,gfx1010,2048,8,65536,5000,8192,1,kernel,1531346924,0.653
AMD,gfx1010,2048,8,65536,5000,8192,1,total,1632906165,0.612
AMD,gfx1010,2048,8,65536,5000,8192,1,PCIe,87195145,11.469
AMD,gfx1010,2048,8,65536,5000,8192,2,kernel,1540006836,0.649
AMD,gfx1010,2048,8,65536,5000,8192,2,total,1584394489,0.631
AMD,gfx1010,2048,8,65536,5000,8192,2,PCIe,29942502,33.397
AMD,gfx1010,2048,8,65536,5000,8192,3,kernel,1539762329,0.649
AMD,gfx1010,2048,8,65536,5000,8192,3,total,1584044239,0.631
AMD,gfx1010,2048,8,65536,5000,8192,3,PCIe,29944358,33.395
AMD,gfx1010,2048,8,65536,5000,8192,4,kernel,1538614502,0.650
AMD,gfx1010,2048,8,65536,5000,8192,4,total,1582956727,0.632
AMD,gfx1010,2048,8,65536,5000,8192,4,PCIe,29948556,33.391
AMD,gfx1010,2048,8,65536,5000,8192,5,kernel,1538332886,0.650
AMD,gfx1010,2048,8,65536,5000,8192,5,total,1582662058,0.632
AMD,gfx1010,2048,8,65536,5000,8192,5,PCIe,29915949,33.427
AMD,gfx1010,2048,8,65536,5000,8192,6,kernel,1530820313,0.653
AMD,gfx1010,2048,8,65536,5000,8192,6,total,1575198637,0.635
AMD,gfx1010,2048,8,65536,5000,8192,6,PCIe,29909488,33.434
AMD,gfx1010,2048,8,65536,5000,8192,7,kernel,1540459961,0.649
AMD,gfx1010,2048,8,65536,5000,8192,7,total,1585559372,0.631
AMD,gfx1010,2048,8,65536,5000,8192,7,PCIe,29905900,33.438
AMD,gfx1010,2048,8,65536,5000,8192,8,kernel,1539298828,0.650
AMD,gfx1010,2048,8,65536,5000,8192,8,total,1583513068,0.632
AMD,gfx1010,2048,8,65536,5000,8192,8,PCIe,29922843,33.419
AMD,gfx1010,2048,8,65536,5000,8192,9,kernel,1538253174,0.650
AMD,gfx1010,2048,8,65536,5000,8192,9,total,1582576130,0.632
AMD,gfx1010,2048,8,65536,5000,8192,9,PCIe,29903458,33.441
AMD,gfx1010,2048,8,65536,5000,8192,10,kernel,1539900269,0.649
AMD,gfx1010,2048,8,65536,5000,8192,10,total,1584450386,0.631
AMD,gfx1010,2048,8,65536,5000,8192,10,PCIe,29947741,33.392
AMD,gfx1010,1024,32,16384,5000,2048,1,kernel,91941040,10.877
AMD,gfx1010,1024,32,16384,5000,2048,1,total,116848349,8.558
AMD,gfx1010,1024,32,16384,5000,2048,1,PCIe,21486778,46.540
AMD,gfx1010,1024,32,16384,5000,2048,2,kernel,91924431,10.879
AMD,gfx1010,1024,32,16384,5000,2048,2,total,102822282,9.726
AMD,gfx1010,1024,32,16384,5000,2048,2,PCIe,7324854,136.521
AMD,gfx1010,1024,32,16384,5000,2048,3,kernel,91794106,10.894
AMD,gfx1010,1024,32,16384,5000,2048,3,total,102563324,9.750
AMD,gfx1010,1024,32,16384,5000,2048,3,PCIe,7274696,137.463
AMD,gfx1010,1024,32,16384,5000,2048,4,kernel,91754395,10.899
AMD,gfx1010,1024,32,16384,5000,2048,4,total,102568921,9.750
AMD,gfx1010,1024,32,16384,5000,2048,4,PCIe,7268527,137.579
AMD,gfx1010,1024,32,16384,5000,2048,5,kernel,91751091,10.899
AMD,gfx1010,1024,32,16384,5000,2048,5,total,102792432,9.728
AMD,gfx1010,1024,32,16384,5000,2048,5,PCIe,7269000,137.571
AMD,gfx1010,1024,32,16384,5000,2048,6,kernel,91775826,10.896
AMD,gfx1010,1024,32,16384,5000,2048,6,total,102551104,9.751
AMD,gfx1010,1024,32,16384,5000,2048,6,PCIe,7280550,137.352
AMD,gfx1010,1024,32,16384,5000,2048,7,kernel,91765282,10.897
AMD,gfx1010,1024,32,16384,5000,2048,7,total,102895650,9.719
AMD,gfx1010,1024,32,16384,5000,2048,7,PCIe,7299315,136.999
AMD,gfx1010,1024,32,16384,5000,2048,8,kernel,91809822,10.892
AMD,gfx1010,1024,32,16384,5000,2048,8,total,102590131,9.748
AMD,gfx1010,1024,32,16384,5000,2048,8,PCIe,7263734,137.670
AMD,gfx1010,1024,32,16384,5000,2048,9,kernel,91753487,10.899
AMD,gfx1010,1024,32,16384,5000,2048,9,total,102661374,9.741
AMD,gfx1010,1024,32,16384,5000,2048,9,PCIe,7275482,137.448
AMD,gfx1010,1024,32,16384,5000,2048,10,kernel,91813271,10.892
AMD,gfx1010,1024,32,16384,5000,2048,10,total,102671906,9.740
AMD,gfx1010,1024,32,16384,5000,2048,10,PCIe,7262260,137.698
AMD,gfx1010,512,64,65536,1000,8192,1,kernel,248289886,4.028
AMD,gfx1010,512,64,65536,1000,8192,1,total,267908909,3.733
AMD,gfx1010,512,64,65536,1000,8192,1,PCIe,16887062,59.217
AMD,gfx1010,512,64,65536,1000,8192,2,kernel,248166519,4.030
AMD,gfx1010,512,64,65536,1000,8192,2,total,256806179,3.894
AMD,gfx1010,512,64,65536,1000,8192,2,PCIe,5880972,170.040
AMD,gfx1010,512,64,65536,1000,8192,3,kernel,248195053,4.029
AMD,gfx1010,512,64,65536,1000,8192,3,total,256862860,3.893
AMD,gfx1010,512,64,65536,1000,8192,3,PCIe,5871792,170.306
AMD,gfx1010,512,64,65536,1000,8192,4,kernel,248231903,4.028
AMD,gfx1010,512,64,65536,1000,8192,4,total,256951942,3.892
AMD,gfx1010,512,64,65536,1000,8192,4,PCIe,5870653,170.339
AMD,gfx1010,512,64,65536,1000,8192,5,kernel,248266205,4.028
AMD,gfx1010,512,64,65536,1000,8192,5,total,256970892,3.891
AMD,gfx1010,512,64,65536,1000,8192,5,PCIe,5849054,170.968
AMD,gfx1010,512,64,65536,1000,8192,6,kernel,248256912,4.028
AMD,gfx1010,512,64,65536,1000,8192,6,total,256896684,3.893
AMD,gfx1010,512,64,65536,1000,8192,6,PCIe,5850876,170.915
AMD,gfx1010,512,64,65536,1000,8192,7,kernel,248207184,4.029
AMD,gfx1010,512,64,65536,1000,8192,7,total,256951669,3.892
AMD,gfx1010,512,64,65536,1000,8192,7,PCIe,5857940,170.708
AMD,gfx1010,512,64,65536,1000,8192,8,kernel,248191681,4.029
AMD,gfx1010,512,64,65536,1000,8192,8,total,256844737,3.893
AMD,gfx1010,512,64,65536,1000,8192,8,PCIe,5859105,170.675
AMD,gfx1010,512,64,65536,1000,8192,9,kernel,248158844,4.030
AMD,gfx1010,512,64,65536,1000,8192,9,total,256837596,3.894
AMD,gfx1010,512,64,65536,1000,8192,9,PCIe,5868309,170.407
AMD,gfx1010,512,64,65536,1000,8192,10,kernel,248277206,4.028
AMD,gfx1010,512,64,65536,1000,8192,10,total,257075916,3.890
AMD,gfx1010,512,64,65536,1000,8192,10,PCIe,5854846,170.799
AMD,gfx1010,1024,8,65536,5000,2048,1,kernel,334205933,2.992
AMD,gfx1010,1024,8,65536,5000,2048,1,total,363384729,2.752
AMD,gfx1010,1024,8,65536,5000,2048,1,PCIe,25844195,38.693
AMD,gfx1010,1024,8,65536,5000,2048,2,kernel,334808350,2.987
AMD,gfx1010,1024,8,65536,5000,2048,2,total,350219299,2.855
AMD,gfx1010,1024,8,65536,5000,2048,2,PCIe,11768843,84.970
AMD,gfx1010,1024,8,65536,5000,2048,3,kernel,338790253,2.952
AMD,gfx1010,1024,8,65536,5000,2048,3,total,354010969,2.825
AMD,gfx1010,1024,8,65536,5000,2048,3,PCIe,11745257,85.141
AMD,gfx1010,1024,8,65536,5000,2048,4,kernel,335989655,2.976
AMD,gfx1010,1024,8,65536,5000,2048,4,total,351267838,2.847
AMD,gfx1010,1024,8,65536,5000,2048,4,PCIe,11759994,85.034
AMD,gfx1010,1024,8,65536,5000,2048,5,kernel,340190399,2.940
AMD,gfx1010,1024,8,65536,5000,2048,5,total,355575962,2.812
AMD,gfx1010,1024,8,65536,5000,2048,5,PCIe,11756756,85.057
AMD,gfx1010,1024,8,65536,5000,2048,6,kernel,331534149,3.016
AMD,gfx1010,1024,8,65536,5000,2048,6,total,346723444,2.884
AMD,gfx1010,1024,8,65536,5000,2048,6,PCIe,11733834,85.224
AMD,gfx1010,1024,8,65536,5000,2048,7,kernel,332096039,3.011
AMD,gfx1010,1024,8,65536,5000,2048,7,total,347307798,2.879
AMD,gfx1010,1024,8,65536,5000,2048,7,PCIe,11736682,85.203
AMD,gfx1010,1024,8,65536,5000,2048,8,kernel,335649658,2.979
AMD,gfx1010,1024,8,65536,5000,2048,8,total,350980126,2.849
AMD,gfx1010,1024,8,65536,5000,2048,8,PCIe,11759085,85.041
AMD,gfx1010,1024,8,65536,5000,2048,9,kernel,337828552,2.960
AMD,gfx1010,1024,8,65536,5000,2048,9,total,353065071,2.832
AMD,gfx1010,1024,8,65536,5000,2048,9,PCIe,11737054,85.200
AMD,gfx1010,1024,8,65536,5000,2048,10,kernel,338642548,2.953
AMD,gfx1010,1024,8,65536,5000,2048,10,total,353910885,2.826
AMD,gfx1010,1024,8,65536,5000,2048,10,PCIe,11746129,85.134
AMD,gfx1010,512,8,16384,5000,4096,1,kernel,169887772,5.886
AMD,gfx1010,512,8,16384,5000,4096,1,total,219361370,4.559
AMD,gfx1010,512,8,16384,5000,4096,1,PCIe,42198827,23.697
AMD,gfx1010,512,8,16384,5000,4096,2,kernel,170191711,5.876
AMD,gfx1010,512,8,16384,5000,4096,2,total,190182360,5.258
AMD,gfx1010,512,8,16384,5000,4096,2,PCIe,12965745,77.126
AMD,gfx1010,512,8,16384,5000,4096,3,kernel,166331421,6.012
AMD,gfx1010,512,8,16384,5000,4096,3,total,186401489,5.365
AMD,gfx1010,512,8,16384,5000,4096,3,PCIe,12937488,77.295
AMD,gfx1010,512,8,16384,5000,4096,4,kernel,169979462,5.883
AMD,gfx1010,512,8,16384,5000,4096,4,total,189993955,5.263
AMD,gfx1010,512,8,16384,5000,4096,4,PCIe,12926961,77.358
AMD,gfx1010,512,8,16384,5000,4096,5,kernel,169357941,5.905
AMD,gfx1010,512,8,16384,5000,4096,5,total,189458126,5.278
AMD,gfx1010,512,8,16384,5000,4096,5,PCIe,12937532,77.294
AMD,gfx1010,512,8,16384,5000,4096,6,kernel,168411942,5.938
AMD,gfx1010,512,8,16384,5000,4096,6,total,188426796,5.307
AMD,gfx1010,512,8,16384,5000,4096,6,PCIe,12922029,77.387
AMD,gfx1010,512,8,16384,5000,4096,7,kernel,169328445,5.906
AMD,gfx1010,512,8,16384,5000,4096,7,total,189632483,5.273
AMD,gfx1010,512,8,16384,5000,4096,7,PCIe,12948500,77.229
AMD,gfx1010,512,8,16384,5000,4096,8,kernel,168733398,5.927
AMD,gfx1010,512,8,16384,5000,4096,8,total,189035636,5.290
AMD,gfx1010,512,8,16384,5000,4096,8,PCIe,12927492,77.355
AMD,gfx1010,512,8,16384,5000,4096,9,kernel,165752457,6.033
AMD,gfx1010,512,8,16384,5000,4096,9,total,185767024,5.383
AMD,gfx1010,512,8,16384,5000,4096,9,PCIe,12919888,77.400
AMD,gfx1010,512,8,16384,5000,4096,10,kernel,167547104,5.968
AMD,gfx1010,512,8,16384,5000,4096,10,total,187524546,5.333
AMD,gfx1010,512,8,16384,5000,4096,10,PCIe,12915630,77.426
AMD,gfx1010,1024,64,16384,5000,8192,1,kernel,325964539,3.068
AMD,gfx1010,1024,64,16384,5000,8192,1,total,422597855,2.366
AMD,gfx1010,1024,64,16384,5000,8192,1,PCIe,82329205,12.146
AMD,gfx1010,1024,64,16384,5000,8192,2,kernel,325919067,3.068
AMD,gfx1010,1024,64,16384,5000,8192,2,total,365760947,2.734
AMD,gfx1010,1024,64,16384,5000,8192,2,PCIe,25452667,39.289
AMD,gfx1010,1024,64,16384,5000,8192,3,kernel,325791901,3.069
AMD,gfx1010,1024,64,16384,5000,8192,3,total,365939466,2.733
AMD,gfx1010,1024,64,16384,5000,8192,3,PCIe,25464230,39.271
AMD,gfx1010,1024,64,16384,5000,8192,4,kernel,325831940,3.069
AMD,gfx1010,1024,64,16384,5000,8192,4,total,365581698,2.735
AMD,gfx1010,1024,64,16384,5000,8192,4,PCIe,25448702,39.295
AMD,gfx1010,1024,64,16384,5000,8192,5,kernel,325867310,3.069
AMD,gfx1010,1024,64,16384,5000,8192,5,total,365598707,2.735
AMD,gfx1010,1024,64,16384,5000,8192,5,PCIe,25436932,39.313
AMD,gfx1010,1024,64,16384,5000,8192,6,kernel,325841705,3.069
AMD,gfx1010,1024,64,16384,5000,8192,6,total,367249478,2.723
AMD,gfx1010,1024,64,16384,5000,8192,6,PCIe,25469906,39.262
AMD,gfx1010,1024,64,16384,5000,8192,7,kernel,325881348,3.069
AMD,gfx1010,1024,64,16384,5000,8192,7,total,366119015,2.731
AMD,gfx1010,1024,64,16384,5000,8192,7,PCIe,25458685,39.279
AMD,gfx1010,1024,64,16384,5000,8192,8,kernel,325858429,3.069
AMD,gfx1010,1024,64,16384,5000,8192,8,total,365681261,2.735
AMD,gfx1010,1024,64,16384,5000,8192,8,PCIe,25433371,39.318
AMD,gfx1010,1024,64,16384,5000,8192,9,kernel,325828949,3.069
AMD,gfx1010,1024,64,16384,5000,8192,9,total,365521780,2.736
AMD,gfx1010,1024,64,16384,5000,8192,9,PCIe,25445769,39.299
AMD,gfx1010,1024,64,16384,5000,8192,10,kernel,325797241,3.069
AMD,gfx1010,1024,64,16384,5000,8192,10,total,365518274,2.736
AMD,gfx1010,1024,64,16384,5000,8192,10,PCIe,25456452,39.283
AMD,gfx1010,1024,8,16384,5000,2048,1,kernel,16538040,60.467
AMD,gfx1010,1024,8,16384,5000,2048,1,total,40333900,24.793
AMD,gfx1010,1024,8,16384,5000,2048,1,PCIe,20384595,49.057
AMD,gfx1010,1024,8,16384,5000,2048,2,kernel,34353619,29.109
AMD,gfx1010,1024,8,16384,5000,2048,2,total,45182990,22.132
AMD,gfx1010,1024,8,16384,5000,2048,2,PCIe,7326595,136.489
AMD,gfx1010,1024,8,16384,5000,2048,3,kernel,38711796,25.832
AMD,gfx1010,1024,8,16384,5000,2048,3,total,49544668,20.184
AMD,gfx1010,1024,8,16384,5000,2048,3,PCIe,7283217,137.302
AMD,gfx1010,1024,8,16384,5000,2048,4,kernel,34378933,29.088
AMD,gfx1010,1024,8,16384,5000,2048,4,total,45153053,22.147
AMD,gfx1010,1024,8,16384,5000,2048,4,PCIe,7267538,137.598
AMD,gfx1010,1024,8,16384,5000,2048,5,kernel,35235344,28.381
AMD,gfx1010,1024,8,16384,5000,2048,5,total,45894325,21.789
AMD,gfx1010,1024,8,16384,5000,2048,5,PCIe,7259220,137.756
AMD,gfx1010,1024,8,16384,5000,2048,6,kernel,37628281,26.576
AMD,gfx1010,1024,8,16384,5000,2048,6,total,48366429,20.675
AMD,gfx1010,1024,8,16384,5000,2048,6,PCIe,7273716,137.481
AMD,gfx1010,1024,8,16384,5000,2048,7,kernel,33918999,29.482
AMD,gfx1010,1024,8,16384,5000,2048,7,total,44769282,22.337
AMD,gfx1010,1024,8,16384,5000,2048,7,PCIe,7260117,137.739
AMD,gfx1010,1024,8,16384,5000,2048,8,kernel,39802631,25.124
AMD,gfx1010,1024,8,16384,5000,2048,8,total,50499572,19.802
AMD,gfx1010,1024,8,16384,5000,2048,8,PCIe,7265427,137.638
AMD,gfx1010,1024,8,16384,5000,2048,9,kernel,40682194,24.581
AMD,gfx1010,1024,8,16384,5000,2048,9,total,51378835,19.463
AMD,gfx1010,1024,8,16384,5000,2048,9,PCIe,7259411,137.752
AMD,gfx1010,1024,8,16384,5000,2048,10,kernel,39441692,25.354
AMD,gfx1010,1024,8,16384,5000,2048,10,total,50111840,19.955
AMD,gfx1010,1024,8,16384,5000,2048,10,PCIe,7256988,137.798
AMD,gfx1010,2048,64,262144,10000,1024,1,kernel,1806000610,0.554
AMD,gfx1010,2048,64,262144,10000,1024,1,total,1878370430,0.532
AMD,gfx1010,2048,64,262144,10000,1024,1,PCIe,68951218,14.503
AMD,gfx1010,2048,64,262144,10000,1024,2,kernel,1802779297,0.555
AMD,gfx1010,2048,64,262144,10000,1024,2,total,1859858786,0.538
AMD,gfx1010,2048,64,262144,10000,1024,2,PCIe,53506480,18.689
AMD,gfx1010,2048,64,262144,10000,1024,3,kernel,1801073364,0.555
AMD,gfx1010,2048,64,262144,10000,1024,3,total,1858175774,0.538
AMD,gfx1010,2048,64,262144,10000,1024,3,PCIe,53488160,18.696
AMD,gfx1010,2048,64,262144,10000,1024,4,kernel,1801522583,0.555
AMD,gfx1010,2048,64,262144,10000,1024,4,total,1858650217,0.538
AMD,gfx1010,2048,64,262144,10000,1024,4,PCIe,53483839,18.697
AMD,gfx1010,2048,64,262144,10000,1024,5,kernel,1801417236,0.555
AMD,gfx1010,2048,64,262144,10000,1024,5,total,1858502931,0.538
AMD,gfx1010,2048,64,262144,10000,1024,5,PCIe,53492290,18.694
AMD,gfx1010,2048,64,262144,10000,1024,6,kernel,1803988892,0.554
AMD,gfx1010,2048,64,262144,10000,1024,6,total,1861093523,0.537
AMD,gfx1010,2048,64,262144,10000,1024,6,PCIe,53499022,18.692
AMD,gfx1010,2048,64,262144,10000,1024,7,kernel,1802471802,0.555
AMD,gfx1010,2048,64,262144,10000,1024,7,total,1859637144,0.538
AMD,gfx1010,2048,64,262144,10000,1024,7,PCIe,53501083,18.691
AMD,gfx1010,2048,64,262144,10000,1024,8,kernel,1806803833,0.553
AMD,gfx1010,2048,64,262144,10000,1024,8,total,1863952335,0.536
AMD,gfx1010,2048,64,262144,10000,1024,8,PCIe,53485751,18.697
AMD,gfx1010,2048,64,262144,10000,1024,9,kernel,1802241211,0.555
AMD,gfx1010,2048,64,262144,10000,1024,9,total,1859315664,0.538
AMD,gfx1010,2048,64,262144,10000,1024,9,PCIe,53486201,18.696
AMD,gfx1010,2048,64,262144,10000,1024,10,kernel,1803853027,0.554
AMD,gfx1010,2048,64,262144,10000,1024,10,total,1860928460,0.537
AMD,gfx1010,2048,64,262144,10000,1024,10,PCIe,53487862,18.696
AMD,gfx1010,2048,8,65536,1000,2048,1,kernel,51995155,19.233
AMD,gfx1010,2048,8,65536,1000,2048,1,total,57514928,17.387
AMD,gfx1010,2048,8,65536,1000,2048,1,PCIe,4929494,202.861
AMD,gfx1010,2048,8,65536,1000,2048,2,kernel,59135326,16.910
AMD,gfx1010,2048,8,65536,1000,2048,2,total,62104312,16.102
AMD,gfx1010,2048,8,65536,1000,2048,2,PCIe,2383971,419.468
AMD,gfx1010,2048,8,65536,1000,2048,3,kernel,57172749,17.491
AMD,gfx1010,2048,8,65536,1000,2048,3,total,60200984,16.611
AMD,gfx1010,2048,8,65536,1000,2048,3,PCIe,2418262,413.520
AMD,gfx1010,2048,8,65536,1000,2048,4,kernel,59286995,16.867
AMD,gfx1010,2048,8,65536,1000,2048,4,total,62241085,16.067
AMD,gfx1010,2048,8,65536,1000,2048,4,PCIe,2397334,417.130
AMD,gfx1010,2048,8,65536,1000,2048,5,kernel,54574459,18.324
AMD,gfx1010,2048,8,65536,1000,2048,5,total,57535363,17.381
AMD,gfx1010,2048,8,65536,1000,2048,5,PCIe,2376469,420.792
AMD,gfx1010,2048,8,65536,1000,2048,6,kernel,57163719,17.494
AMD,gfx1010,2048,8,65536,1000,2048,6,total,60154629,16.624
AMD,gfx1010,2048,8,65536,1000,2048,6,PCIe,2392007,418.059
AMD,gfx1010,2048,8,65536,1000,2048,7,kernel,57260017,17.464
AMD,gfx1010,2048,8,65536,1000,2048,7,total,60239046,16.601
AMD,gfx1010,2048,8,65536,1000,2048,7,PCIe,2383741,419.509
AMD,gfx1010,2048,8,65536,1000,2048,8,kernel,56941196,17.562
AMD,gfx1010,2048,8,65536,1000,2048,8,total,59858846,16.706
AMD,gfx1010,2048,8,65536,1000,2048,8,PCIe,2370407,421.868
AMD,gfx1010,2048,8,65536,1000,2048,9,kernel,60427860,16.549
AMD,gfx1010,2048,8,65536,1000,2048,9,total,63442853,15.762
AMD,gfx1010,2048,8,65536,1000,2048,9,PCIe,2389368,418.521
AMD,gfx1010,2048,8,65536,1000,2048,10,kernel,59971542,16.675
AMD,gfx1010,2048,8,65536,1000,2048,10,total,62899366,15.898
AMD,gfx1010,2048,8,65536,1000,2048,10,PCIe,2369860,421.966
AMD,gfx1010,4096,4,65536,1000,8192,1,kernel,308137878,3.245
AMD,gfx1010,4096,4,65536,1000,8192,1,total,329369388,3.036
AMD,gfx1010,4096,4,65536,1000,8192,1,PCIe,18423592,54.278
AMD,gfx1010,4096,4,65536,1000,8192,2,kernel,308009827,3.247
AMD,gfx1010,4096,4,65536,1000,8192,2,total,316810894,3.156
AMD,gfx1010,4096,4,65536,1000,8192,2,PCIe,5909632,169.215
AMD,gfx1010,4096,4,65536,1000,8192,3,kernel,307857758,3.248
AMD,gfx1010,4096,4,65536,1000,8192,3,total,316560643,3.159
AMD,gfx1010,4096,4,65536,1000,8192,3,PCIe,5846667,171.038
AMD,gfx1010,4096,4,65536,1000,8192,4,kernel,307887360,3.248
AMD,gfx1010,4096,4,65536,1000,8192,4,total,316560071,3.159
AMD,gfx1010,4096,4,65536,1000,8192,4,PCIe,5837267,171.313
AMD,gfx1010,4096,4,65536,1000,8192,5,kernel,307992889,3.247
AMD,gfx1010,4096,4,65536,1000,8192,5,total,316689862,3.158
AMD,gfx1010,4096,4,65536,1000,8192,5,PCIe,5851388,170.900
AMD,gfx1010,4096,4,65536,1000,8192,6,kernel,307772736,3.249
AMD,gfx1010,4096,4,65536,1000,8192,6,total,316462484,3.160
AMD,gfx1010,4096,4,65536,1000,8192,6,PCIe,5841774,171.181
AMD,gfx1010,4096,4,65536,1000,8192,7,kernel,308128052,3.245
AMD,gfx1010,4096,4,65536,1000,8192,7,total,316811756,3.156
AMD,gfx1010,4096,4,65536,1000,8192,7,PCIe,5839243,171.255
AMD,gfx1010,4096,4,65536,1000,8192,8,kernel,307643616,3.251
AMD,gfx1010,4096,4,65536,1000,8192,8,total,316359855,3.161
AMD,gfx1010,4096,4,65536,1000,8192,8,PCIe,5849102,170.966
AMD,gfx1010,4096,4,65536,1000,8192,9,kernel,308167816,3.245
AMD,gfx1010,4096,4,65536,1000,8192,9,total,316859186,3.156
AMD,gfx1010,4096,4,65536,1000,8192,9,PCIe,5841630,171.185
AMD,gfx1010,4096,4,65536,1000,8192,10,kernel,307859985,3.248
AMD,gfx1010,4096,4,65536,1000,8192,10,total,316541062,3.159
AMD,gfx1010,4096,4,65536,1000,8192,10,PCIe,5842857,171.149
AMD,gfx1010,2048,8,16384,10000,8192,1,kernel,797694641,1.254
AMD,gfx1010,2048,8,16384,10000,8192,1,total,998045402,1.002
AMD,gfx1010,2048,8,16384,10000,8192,1,PCIe,171396134,5.834
AMD,gfx1010,2048,8,16384,10000,8192,2,kernel,798291565,1.253
AMD,gfx1010,2048,8,16384,10000,8192,2,total,876837898,1.140
AMD,gfx1010,2048,8,16384,10000,8192,2,PCIe,49613181,20.156
AMD,gfx1010,2048,8,16384,10000,8192,3,kernel,796954407,1.255
AMD,gfx1010,2048,8,16384,10000,8192,3,total,875511423,1.142
AMD,gfx1010,2048,8,16384,10000,8192,3,PCIe,49598536,20.162
AMD,gfx1010,2048,8,16384,10000,8192,4,kernel,796060669,1.256
AMD,gfx1010,2048,8,16384,10000,8192,4,total,874633100,1.143
AMD,gfx1010,2048,8,16384,10000,8192,4,PCIe,49580870,20.169
AMD,gfx1010,2048,8,16384,10000,8192,5,kernel,797811340,1.253
AMD,gfx1010,2048,8,16384,10000,8192,5,total,876431759,1.141
AMD,gfx1010,2048,8,16384,10000,8192,5,PCIe,49640480,20.145
AMD,gfx1010,2048,8,16384,10000,8192,6,kernel,794187805,1.259
AMD,gfx1010,2048,8,16384,10000,8192,6,total,872757800,1.146
AMD,gfx1010,2048,8,16384,10000,8192,6,PCIe,49591376,20.165
AMD,gfx1010,2048,8,16384,10000,8192,7,kernel,798279114,1.253
AMD,gfx1010,2048,8,16384,10000,8192,7,total,877761442,1.139
AMD,gfx1010,2048,8,16384,10000,8192,7,PCIe,49589327,20.166
AMD,gfx1010,2048,8,16384,10000,8192,8,kernel,783836487,1.276
AMD,gfx1010,2048,8,16384,10000,8192,8,total,862517917,1.159
AMD,gfx1010,2048,8,16384,10000,8192,8,PCIe,49597231,20.162
AMD,gfx1010,2048,8,16384,10000,8192,9,kernel,797769470,1.253
AMD,gfx1010,2048,8,16384,10000,8192,9,total,876222127,1.141
AMD,gfx1010,2048,8,16384,10000,8192,9,PCIe,49611776,20.157
AMD,gfx1010,2048,8,16384,10000,8192,10,kernel,798401550,1.253
AMD,gfx1010,2048,8,16384,10000,8192,10,total,877055237,1.140
AMD,gfx1010,2048,8,16384,10000,8192,10,PCIe,49586171,20.167
AMD,gfx1010,4096,16,65536,1000,8192,1,kernel,227328903,4.399
AMD,gfx1010,4096,16,65536,1000,8192,1,total,246703025,4.053
AMD,gfx1010,4096,16,65536,1000,8192,1,PCIe,16672067,59.981
AMD,gfx1010,4096,16,65536,1000,8192,2,kernel,227150452,4.402
AMD,gfx1010,4096,16,65536,1000,8192,2,total,235791147,4.241
AMD,gfx1010,4096,16,65536,1000,8192,2,PCIe,5875087,170.210
AMD,gfx1010,4096,16,65536,1000,8192,3,kernel,227032532,4.405
AMD,gfx1010,4096,16,65536,1000,8192,3,total,235684467,4.243
AMD,gfx1010,4096,16,65536,1000,8192,3,PCIe,5861979,170.591
AMD,gfx1010,4096,16,65536,1000,8192,4,kernel,226791901,4.409
AMD,gfx1010,4096,16,65536,1000,8192,4,total,235399178,4.248
AMD,gfx1010,4096,16,65536,1000,8192,4,PCIe,5855174,170.789
AMD,gfx1010,4096,16,65536,1000,8192,5,kernel,226783875,4.409
AMD,gfx1010,4096,16,65536,1000,8192,5,total,235580462,4.245
AMD,gfx1010,4096,16,65536,1000,8192,5,PCIe,5845906,171.060
AMD,gfx1010,4096,16,65536,1000,8192,6,kernel,226909500,4.407
AMD,gfx1010,4096,16,65536,1000,8192,6,total,235681790,4.243
AMD,gfx1010,4096,16,65536,1000,8192,6,PCIe,5858280,170.699
AMD,gfx1010,4096,16,65536,1000,8192,7,kernel,226997009,4.405
AMD,gfx1010,4096,16,65536,1000,8192,7,total,235745250,4.242
AMD,gfx1010,4096,16,65536,1000,8192,7,PCIe,5844151,171.111
AMD,gfx1010,4096,16,65536,1000,8192,8,kernel,226928116,4.407
AMD,gfx1010,4096,16,65536,1000,8192,8,total,235578192,4.245
AMD,gfx1010,4096,16,65536,1000,8192,8,PCIe,5841649,171.185
AMD,gfx1010,4096,16,65536,1000,8192,9,kernel,226880020,4.408
AMD,gfx1010,4096,16,65536,1000,8192,9,total,235521632,4.246
AMD,gfx1010,4096,16,65536,1000,8192,9,PCIe,5838286,171.283
AMD,gfx1010,4096,16,65536,1000,8192,10,kernel,227137314,4.403
AMD,gfx1010,4096,16,65536,1000,8192,10,total,235840242,4.240
AMD,gfx1010,4096,16,65536,1000,8192,10,PCIe,5846006,171.057
AMD,gfx1010,2048,4,262144,5000,1024,1,kernel,616672241,1.622
AMD,gfx1010,2048,4,262144,5000,1024,1,total,651771462,1.534
AMD,gfx1010,2048,4,262144,5000,1024,1,PCIe,33401570,29.939
AMD,gfx1010,2048,4,262144,5000,1024,2,kernel,621735657,1.608
AMD,gfx1010,2048,4,262144,5000,1024,2,total,650322704,1.538
AMD,gfx1010,2048,4,262144,5000,1024,2,PCIe,26841045,37.256
AMD,gfx1010,2048,4,262144,5000,1024,3,kernel,616817993,1.621
AMD,gfx1010,2048,4,262144,5000,1024,3,total,645408542,1.549
AMD,gfx1010,2048,4,262144,5000,1024,3,PCIe,26818070,37.288
AMD,gfx1010,2048,4,262144,5000,1024,4,kernel,492557098,2.030
AMD,gfx1010,2048,4,262144,5000,1024,4,total,521143947,1.919
AMD,gfx1010,2048,4,262144,5000,1024,4,PCIe,26810355,37.299
AMD,gfx1010,2048,4,262144,5000,1024,5,kernel,697492859,1.434
AMD,gfx1010,2048,4,262144,5000,1024,5,total,726105960,1.377
AMD,gfx1010,2048,4,262144,5000,1024,5,PCIe,26804401,37.307
AMD,gfx1010,2048,4,262144,5000,1024,6,kernel,528945129,1.891
AMD,gfx1010,2048,4,262144,5000,1024,6,total,557606608,1.793
AMD,gfx1010,2048,4,262144,5000,1024,6,PCIe,26804901,37.307
AMD,gfx1010,2048,4,262144,5000,1024,7,kernel,369408234,2.707
AMD,gfx1010,2048,4,262144,5000,1024,7,total,397990250,2.513
AMD,gfx1010,2048,4,262144,5000,1024,7,PCIe,26820255,37.285
AMD,gfx1010,2048,4,262144,5000,1024,8,kernel,614136780,1.628
AMD,gfx1010,2048,4,262144,5000,1024,8,total,642705948,1.556
AMD,gfx1010,2048,4,262144,5000,1024,8,PCIe,26831928,37.269
AMD,gfx1010,2048,4,262144,5000,1024,9,kernel,421999512,2.370
AMD,gfx1010,2048,4,262144,5000,1024,9,total,450601992,2.219
AMD,gfx1010,2048,4,262144,5000,1024,9,PCIe,26809006,37.301
AMD,gfx1010,2048,4,262144,5000,1024,10,kernel,497371094,2.011
AMD,gfx1010,2048,4,262144,5000,1024,10,total,525985113,1.901
AMD,gfx1010,2048,4,262144,5000,1024,10,PCIe,26799602,37.314
AMD,gfx1010,2048,8,65536,5000,1024,1,kernel,89347717,11.192
AMD,gfx1010,2048,8,65536,5000,1024,1,total,107353468,9.315
AMD,gfx1010,2048,8,65536,5000,1024,1,PCIe,16148483,61.925
AMD,gfx1010,2048,8,65536,5000,1024,2,kernel,89173508,11.214
AMD,gfx1010,2048,8,65536,5000,1024,2,total,99922940,10.008
AMD,gfx1010,2048,8,65536,5000,1024,2,PCIe,8968030,111.507
AMD,gfx1010,2048,8,65536,5000,1024,3,kernel,88978859,11.239
AMD,gfx1010,2048,8,65536,5000,1024,3,total,99826904,10.017
AMD,gfx1010,2048,8,65536,5000,1024,3,PCIe,8924799,112.047
AMD,gfx1010,2048,8,65536,5000,1024,4,kernel,88991089,11.237
AMD,gfx1010,2048,8,65536,5000,1024,4,total,99710930,10.029
AMD,gfx1010,2048,8,65536,5000,1024,4,PCIe,8939171,111.867
AMD,gfx1010,2048,8,65536,5000,1024,5,kernel,89035980,11.231
AMD,gfx1010,2048,8,65536,5000,1024,5,total,99757472,10.024
AMD,gfx1010,2048,8,65536,5000,1024,5,PCIe,8920796,112.098
AMD,gfx1010,2048,8,65536,5000,1024,6,kernel,88996033,11.236
AMD,gfx1010,2048,8,65536,5000,1024,6,total,99671030,10.033
AMD,gfx1010,2048,8,65536,5000,1024,6,PCIe,8924768,112.048
AMD,gfx1010,2048,8,65536,5000,1024,7,kernel,89007996,11.235
AMD,gfx1010,2048,8,65536,5000,1024,7,total,99668995,10.033
AMD,gfx1010,2048,8,65536,5000,1024,7,PCIe,8925363,112.040
AMD,gfx1010,2048,8,65536,5000,1024,8,kernel,88991814,11.237
AMD,gfx1010,2048,8,65536,5000,1024,8,total,99582844,10.042
AMD,gfx1010,2048,8,65536,5000,1024,8,PCIe,8909700,112.237
AMD,gfx1010,2048,8,65536,5000,1024,9,kernel,88994286,11.237
AMD,gfx1010,2048,8,65536,5000,1024,9,total,99563086,10.044
AMD,gfx1010,2048,8,65536,5000,1024,9,PCIe,8904653,112.301
AMD,gfx1010,2048,8,65536,5000,1024,10,kernel,88991379,11.237
AMD,gfx1010,2048,8,65536,5000,1024,10,total,99710930,10.029
AMD,gfx1010,2048,8,65536,5000,1024,10,PCIe,8913967,112.183
AMD,gfx1010,512,16,262144,5000,2048,1,kernel,570372803,1.753
AMD,gfx1010,512,16,262144,5000,2048,1,total,616873970,1.621
AMD,gfx1010,512,16,262144,5000,2048,1,PCIe,43007503,23.252
AMD,gfx1010,512,16,262144,5000,2048,2,kernel,570354919,1.753
AMD,gfx1010,512,16,262144,5000,2048,2,total,603582603,1.657
AMD,gfx1010,512,16,262144,5000,2048,2,PCIe,29659127,33.716
AMD,gfx1010,512,16,262144,5000,2048,3,kernel,570085571,1.754
AMD,gfx1010,512,16,262144,5000,2048,3,total,603303021,1.658
AMD,gfx1010,512,16,262144,5000,2048,3,PCIe,29633928,33.745
AMD,gfx1010,512,16,262144,5000,2048,4,kernel,570089844,1.754
AMD,gfx1010,512,16,262144,5000,2048,4,total,603424675,1.657
AMD,gfx1010,512,16,262144,5000,2048,4,PCIe,29641985,33.736
AMD,gfx1010,512,16,262144,5000,2048,5,kernel,570515320,1.753
AMD,gfx1010,512,16,262144,5000,2048,5,total,603765194,1.656
AMD,gfx1010,512,16,262144,5000,2048,5,PCIe,29665144,33.710
AMD,gfx1010,512,16,262144,5000,2048,6,kernel,570411011,1.753
AMD,gfx1010,512,16,262144,5000,2048,6,total,603605156,1.657
AMD,gfx1010,512,16,262144,5000,2048,6,PCIe,29633408,33.746
AMD,gfx1010,512,16,262144,5000,2048,7,kernel,570585876,1.753
AMD,gfx1010,512,16,262144,5000,2048,7,total,603771710,1.656
AMD,gfx1010,512,16,262144,5000,2048,7,PCIe,29636355,33.742
AMD,gfx1010,512,16,262144,5000,2048,8,kernel,570507568,1.753
AMD,gfx1010,512,16,262144,5000,2048,8,total,603682831,1.656
AMD,gfx1010,512,16,262144,5000,2048,8,PCIe,29636544,33.742
AMD,gfx1010,512,16,262144,5000,2048,9,kernel,570463013,1.753
AMD,gfx1010,512,16,262144,5000,2048,9,total,603797128,1.656
AMD,gfx1010,512,16,262144,5000,2048,9,PCIe,29634238,33.745
AMD,gfx1010,512,16,262144,5000,2048,10,kernel,570185242,1.754
AMD,gfx1010,512,16,262144,5000,2048,10,total,603335923,1.657
AMD,gfx1010,512,16,262144,5000,2048,10,PCIe,29625383,33.755
AMD,gfx1010,1024,8,65536,5000,4096,1,kernel,748949402,1.335
AMD,gfx1010,1024,8,65536,5000,4096,1,total,801859406,1.247
AMD,gfx1010,1024,8,65536,5000,4096,1,PCIe,45850079,21.810
AMD,gfx1010,1024,8,65536,5000,4096,2,kernel,748458130,1.336
AMD,gfx1010,1024,8,65536,5000,4096,2,total,773228592,1.293
AMD,gfx1010,1024,8,65536,5000,4096,2,PCIe,17439015,57.343
AMD,gfx1010,1024,8,65536,5000,4096,3,kernel,749244080,1.335
AMD,gfx1010,1024,8,65536,5000,4096,3,total,773778534,1.292
AMD,gfx1010,1024,8,65536,5000,4096,3,PCIe,17417685,57.413
AMD,gfx1010,1024,8,65536,5000,4096,4,kernel,748842834,1.335
AMD,gfx1010,1024,8,65536,5000,4096,4,total,773428758,1.293
AMD,gfx1010,1024,8,65536,5000,4096,4,PCIe,17404872,57.455
AMD,gfx1010,1024,8,65536,5000,4096,5,kernel,742986877,1.346
AMD,gfx1010,1024,8,65536,5000,4096,5,total,767600020,1.303
AMD,gfx1010,1024,8,65536,5000,4096,5,PCIe,17405820,57.452
AMD,gfx1010,1024,8,65536,5000,4096,6,kernel,745905579,1.341
AMD,gfx1010,1024,8,65536,5000,4096,6,total,770456291,1.298
AMD,gfx1010,1024,8,65536,5000,4096,6,PCIe,17413603,57.426
AMD,gfx1010,1024,8,65536,5000,4096,7,kernel,749120361,1.335
AMD,gfx1010,1024,8,65536,5000,4096,7,total,773657761,1.293
AMD,gfx1010,1024,8,65536,5000,4096,7,PCIe,17422812,57.396
AMD,gfx1010,1024,8,65536,5000,4096,8,kernel,743303772,1.345
AMD,gfx1010,1024,8,65536,5000,4096,8,total,767870970,1.302
AMD,gfx1010,1024,8,65536,5000,4096,8,PCIe,17414370,57.424
AMD,gfx1010,1024,8,65536,5000,4096,9,kernel,747911133,1.337
AMD,gfx1010,1024,8,65536,5000,4096,9,total,772771184,1.294
AMD,gfx1010,1024,8,65536,5000,4096,9,PCIe,17412635,57.430
AMD,gfx1010,1024,8,65536,5000,4096,10,kernel,744168823,1.344
AMD,gfx1010,1024,8,65536,5000,4096,10,total,768719276,1.301
AMD,gfx1010,1024,8,65536,5000,4096,10,PCIe,17408963,57.442
AMD,gfx1010,512,4,262144,1000,1024,1,kernel,135237335,7.394
AMD,gfx1010,512,4,262144,1000,1024,1,total,142270348,7.029
AMD,gfx1010,512,4,262144,1000,1024,1,PCIe,6749644,148.156
AMD,gfx1010,512,4,262144,1000,1024,2,kernel,132619720,7.540
AMD,gfx1010,512,4,262144,1000,1024,2,total,138301982,7.231
AMD,gfx1010,512,4,262144,1000,1024,2,PCIe,5397251,185.280
AMD,gfx1010,512,4,262144,1000,1024,3,kernel,135419647,7.384
AMD,gfx1010,512,4,262144,1000,1024,3,total,141096054,7.087
AMD,gfx1010,512,4,262144,1000,1024,3,PCIe,5400197,185.178
AMD,gfx1010,512,4,262144,1000,1024,4,kernel,132662567,7.538
AMD,gfx1010,512,4,262144,1000,1024,4,total,138363066,7.227
AMD,gfx1010,512,4,262144,1000,1024,4,PCIe,5387195,185.625
AMD,gfx1010,512,4,262144,1000,1024,5,kernel,135155685,7.399
AMD,gfx1010,512,4,262144,1000,1024,5,total,140871030,7.099
AMD,gfx1010,512,4,262144,1000,1024,5,PCIe,5423272,184.391
AMD,gfx1010,512,4,262144,1000,1024,6,kernel,134893921,7.413
AMD,gfx1010,512,4,262144,1000,1024,6,total,140564032,7.114
AMD,gfx1010,512,4,262144,1000,1024,6,PCIe,5382870,185.775
AMD,gfx1010,512,4,262144,1000,1024,7,kernel,137515839,7.272
AMD,gfx1010,512,4,262144,1000,1024,7,total,143195641,6.983
AMD,gfx1010,512,4,262144,1000,1024,7,PCIe,5386821,185.638
AMD,gfx1010,512,4,262144,1000,1024,8,kernel,134642990,7.427
AMD,gfx1010,512,4,262144,1000,1024,8,total,140351737,7.125
AMD,gfx1010,512,4,262144,1000,1024,8,PCIe,5419030,184.535
AMD,gfx1010,512,4,262144,1000,1024,9,kernel,134662964,7.426
AMD,gfx1010,512,4,262144,1000,1024,9,total,140377665,7.124
AMD,gfx1010,512,4,262144,1000,1024,9,PCIe,5418008,184.570
AMD,gfx1010,512,4,262144,1000,1024,10,kernel,133153091,7.510
AMD,gfx1010,512,4,262144,1000,1024,10,total,138825102,7.203
AMD,gfx1010,512,4,262144,1000,1024,10,PCIe,5395008,185.357
AMD,gfx1010,4096,4,16384,10000,4096,1,kernel,273940491,3.650
AMD,gfx1010,4096,4,16384,10000,4096,1,total,374065506,2.673
AMD,gfx1010,4096,4,16384,10000,4096,1,PCIe,85601360,11.682
AMD,gfx1010,4096,4,16384,10000,4096,2,kernel,266346771,3.755
AMD,gfx1010,4096,4,16384,10000,4096,2,total,307767958,3.249
AMD,gfx1010,4096,4,16384,10000,4096,2,PCIe,26959695,37.092
AMD,gfx1010,4096,4,16384,10000,4096,3,kernel,321941498,3.106
AMD,gfx1010,4096,4,16384,10000,4096,3,total,363280358,2.753
AMD,gfx1010,4096,4,16384,10000,4096,3,PCIe,26974479,37.072
AMD,gfx1010,4096,4,16384,10000,4096,4,kernel,281694336,3.550
AMD,gfx1010,4096,4,16384,10000,4096,4,total,322987678,3.096
AMD,gfx1010,4096,4,16384,10000,4096,4,PCIe,26905983,37.166
AMD,gfx1010,4096,4,16384,10000,4096,5,kernel,146334137,6.834
AMD,gfx1010,4096,4,16384,10000,4096,5,total,187560019,5.332
AMD,gfx1010,4096,4,16384,10000,4096,5,PCIe,26933794,37.128
AMD,gfx1010,4096,4,16384,10000,4096,6,kernel,140044220,7.141
AMD,gfx1010,4096,4,16384,10000,4096,6,total,181242369,5.517
AMD,gfx1010,4096,4,16384,10000,4096,6,PCIe,26975401,37.071
AMD,gfx1010,4096,4,16384,10000,4096,7,kernel,322798462,3.098
AMD,gfx1010,4096,4,16384,10000,4096,7,total,363931380,2.748
AMD,gfx1010,4096,4,16384,10000,4096,7,PCIe,26915284,37.154
AMD,gfx1010,4096,4,16384,10000,4096,8,kernel,249446869,4.009
AMD,gfx1010,4096,4,16384,10000,4096,8,total,290628807,3.441
AMD,gfx1010,4096,4,16384,10000,4096,8,PCIe,26898654,37.177
AMD,gfx1010,4096,4,16384,10000,4096,9,kernel,300718414,3.325
AMD,gfx1010,4096,4,16384,10000,4096,9,total,341879458,2.925
AMD,gfx1010,4096,4,16384,10000,4096,9,PCIe,26913311,37.156
AMD,gfx1010,4096,4,16384,10000,4096,10,kernel,288783752,3.463
AMD,gfx1010,4096,4,16384,10000,4096,10,total,329983474,3.030
AMD,gfx1010,4096,4,16384,10000,4096,10,PCIe,26909119,37.162
AMD,gfx1010,4096,32,16384,1000,4096,1,kernel,32756592,30.528
AMD,gfx1010,4096,32,16384,1000,4096,1,total,42726786,23.405
AMD,gfx1010,4096,32,16384,1000,4096,1,PCIe,8716899,114.720
AMD,gfx1010,4096,32,16384,1000,4096,2,kernel,32722969,30.560
AMD,gfx1010,4096,32,16384,1000,4096,2,total,36697192,27.250
AMD,gfx1010,4096,32,16384,1000,4096,2,PCIe,2723295,367.202
AMD,gfx1010,4096,32,16384,1000,4096,3,kernel,32741070,30.543
AMD,gfx1010,4096,32,16384,1000,4096,3,total,36690717,27.255
AMD,gfx1010,4096,32,16384,1000,4096,3,PCIe,2671838,374.274
AMD,gfx1010,4096,32,16384,1000,4096,4,kernel,32735950,30.547
AMD,gfx1010,4096,32,16384,1000,4096,4,total,36654044,27.282
AMD,gfx1010,4096,32,16384,1000,4096,4,PCIe,2679855,373.155
AMD,gfx1010,4096,32,16384,1000,4096,5,kernel,32728291,30.555
AMD,gfx1010,4096,32,16384,1000,4096,5,total,36751866,27.210
AMD,gfx1010,4096,32,16384,1000,4096,5,PCIe,2694832,371.081
AMD,gfx1010,4096,32,16384,1000,4096,6,kernel,32764709,30.521
AMD,gfx1010,4096,32,16384,1000,4096,6,total,36744648,27.215
AMD,gfx1010,4096,32,16384,1000,4096,6,PCIe,2691355,371.560
AMD,gfx1010,4096,32,16384,1000,4096,7,kernel,32743454,30.540
AMD,gfx1010,4096,32,16384,1000,4096,7,total,36701993,27.246
AMD,gfx1010,4096,32,16384,1000,4096,7,PCIe,2683902,372.592
AMD,gfx1010,4096,32,16384,1000,4096,8,kernel,32735767,30.548
AMD,gfx1010,4096,32,16384,1000,4096,8,total,36722887,27.231
AMD,gfx1010,4096,32,16384,1000,4096,8,PCIe,2681759,372.890
AMD,gfx1010,4096,32,16384,1000,4096,9,kernel,32731682,30.551
AMD,gfx1010,4096,32,16384,1000,4096,9,total,36734460,27.222
AMD,gfx1010,4096,32,16384,1000,4096,9,PCIe,2669271,374.634
AMD,gfx1010,4096,32,16384,1000,4096,10,kernel,32717911,30.564
AMD,gfx1010,4096,32,16384,1000,4096,10,total,36684569,27.259
AMD,gfx1010,4096,32,16384,1000,4096,10,PCIe,2673732,374.009
AMD,gfx1010,2048,64,65536,1000,8192,1,kernel,248165207,4.030
AMD,gfx1010,2048,64,65536,1000,8192,1,total,267681796,3.736
AMD,gfx1010,2048,64,65536,1000,8192,1,PCIe,16818901,59.457
AMD,gfx1010,2048,64,65536,1000,8192,2,kernel,248204987,4.029
AMD,gfx1010,2048,64,65536,1000,8192,2,total,256883835,3.893
AMD,gfx1010,2048,64,65536,1000,8192,2,PCIe,5893629,169.675
AMD,gfx1010,2048,64,65536,1000,8192,3,kernel,248146255,4.030
AMD,gfx1010,2048,64,65536,1000,8192,3,total,256969005,3.892
AMD,gfx1010,2048,64,65536,1000,8192,3,PCIe,5856353,170.755
AMD,gfx1010,2048,64,65536,1000,8192,4,kernel,248098068,4.031
AMD,gfx1010,2048,64,65536,1000,8192,4,total,256729586,3.895
AMD,gfx1010,2048,64,65536,1000,8192,4,PCIe,5855728,170.773
AMD,gfx1010,2048,64,65536,1000,8192,5,kernel,248164780,4.030
AMD,gfx1010,2048,64,65536,1000,8192,5,total,256949407,3.892
AMD,gfx1010,2048,64,65536,1000,8192,5,PCIe,5855040,170.793
AMD,gfx1010,2048,64,65536,1000,8192,6,kernel,248171555,4.029
AMD,gfx1010,2048,64,65536,1000,8192,6,total,256821181,3.894
AMD,gfx1010,2048,64,65536,1000,8192,6,PCIe,5859866,170.652
AMD,gfx1010,2048,64,65536,1000,8192,7,kernel,248167145,4.030
AMD,gfx1010,2048,64,65536,1000,8192,7,total,257001880,3.891
AMD,gfx1010,2048,64,65536,1000,8192,7,PCIe,5878696,170.106
AMD,gfx1010,2048,64,65536,1000,8192,8,kernel,248050293,4.031
AMD,gfx1010,2048,64,65536,1000,8192,8,total,256779872,3.894
AMD,gfx1010,2048,64,65536,1000,8192,8,PCIe,5861812,170.596
AMD,gfx1010,2048,64,65536,1000,8192,9,kernel,248036591,4.032
AMD,gfx1010,2048,64,65536,1000,8192,9,total,256689272,3.896
AMD,gfx1010,2048,64,65536,1000,8192,9,PCIe,5845318,171.077
AMD,gfx1010,2048,64,65536,1000,8192,10,kernel,248156006,4.030
AMD,gfx1010,2048,64,65536,1000,8192,10,total,256850701,3.893
AMD,gfx1010,2048,64,65536,1000,8192,10,PCIe,5869958,170.359
AMD,gfx1010,4096,32,65536,5000,1024,1,kernel,204391174,4.893
AMD,gfx1010,4096,32,65536,5000,1024,1,total,221511944,4.514
AMD,gfx1010,4096,32,65536,5000,1024,1,PCIe,15466937,64.654
AMD,gfx1010,4096,32,65536,5000,1024,2,kernel,204426102,4.892
AMD,gfx1010,4096,32,65536,5000,1024,2,total,215038438,4.650
AMD,gfx1010,4096,32,65536,5000,1024,2,PCIe,8936570,111.900
AMD,gfx1010,4096,32,65536,5000,1024,3,kernel,204224060,4.897
AMD,gfx1010,4096,32,65536,5000,1024,3,total,214921069,4.653
AMD,gfx1010,4096,32,65536,5000,1024,3,PCIe,8942570,111.825
AMD,gfx1010,4096,32,65536,5000,1024,4,kernel,204198975,4.897
AMD,gfx1010,4096,32,65536,5000,1024,4,total,214912978,4.653
AMD,gfx1010,4096,32,65536,5000,1024,4,PCIe,8912668,112.200
AMD,gfx1010,4096,32,65536,5000,1024,5,kernel,204252731,4.896
AMD,gfx1010,4096,32,65536,5000,1024,5,total,214870352,4.654
AMD,gfx1010,4096,32,65536,5000,1024,5,PCIe,8920729,112.098
AMD,gfx1010,4096,32,65536,5000,1024,6,kernel,204210724,4.897
AMD,gfx1010,4096,32,65536,5000,1024,6,total,214840535,4.655
AMD,gfx1010,4096,32,65536,5000,1024,6,PCIe,8920849,112.097
AMD,gfx1010,4096,32,65536,5000,1024,7,kernel,204280884,4.895
AMD,gfx1010,4096,32,65536,5000,1024,7,total,214935666,4.653
AMD,gfx1010,4096,32,65536,5000,1024,7,PCIe,8930298,111.978
AMD,gfx1010,4096,32,65536,5000,1024,8,kernel,204232346,4.896
AMD,gfx1010,4096,32,65536,5000,1024,8,total,214908962,4.653
AMD,gfx1010,4096,32,65536,5000,1024,8,PCIe,8914863,112.172
AMD,gfx1010,4096,32,65536,5000,1024,9,kernel,204290878,4.895
AMD,gfx1010,4096,32,65536,5000,1024,9,total,215015920,4.651
AMD,gfx1010,4096,32,65536,5000,1024,9,PCIe,8911016,112.221
AMD,gfx1010,4096,32,65536,5000,1024,10,kernel,204258881,4.896
AMD,gfx1010,4096,32,65536,5000,1024,10,total,215041071,4.650
AMD,gfx1010,4096,32,65536,5000,1024,10,PCIe,8973115,111.444
